[
    {
        "id": "15",
        "name": "Lucknow",
        "state_id": "5"
    },
    {
        "id": "16",
        "name": "NOIDA",
        "state_id": "5"
    },
    {
        "id": "17",
        "name": "Ghaziabad",
        "state_id": "5"
    },
    {
        "id": "18",
        "name": "Haldwani",
        "state_id": "6"
    },
    {
        "id": "19",
        "name": "Nainital",
        "state_id": "6"
    },
    {
        "id": "20",
        "name": "Dehradun",
        "state_id": "6"
    },
    {
        "id": "21",
        "name": "Mumbai",
        "state_id": "7"
    },
    {
        "id": "22",
        "name": "Nagpur",
        "state_id": "7"
    },
    {
        "id": "23",
        "name": "Pune",
        "state_id": "7"
    },
    {
        "id": "24",
        "name": "New York city",
        "state_id": "8"
    },
    {
        "id": "25",
        "name": "Buffalo",
        "state_id": "8"
    },
    {
        "id": "26",
        "name": "Albany",
        "state_id": "8"
    },
    {
        "id": "27",
        "name": "Birmingham",
        "state_id": "9"
    },
    {
        "id": "28",
        "name": "Montgomery",
        "state_id": "9"
    },
    {
        "id": "29",
        "name": "Huntsville",
        "state_id": "9"
    },
    {
        "id": "30",
        "name": "Los Angeles",
        "state_id": "10"
    },
    {
        "id": "31",
        "name": "San Francisco",
        "state_id": "10"
    },
    {
        "id": "32",
        "name": "San Diego",
        "state_id": "10"
    },
    {
        "id": "33",
        "name": "Toronto",
        "state_id": "11"
    },
    {
        "id": "34",
        "name": "Ottawa",
        "state_id": "11"
    },
    {
        "id": "35",
        "name": "Vancouver",
        "state_id": "12"
    },
    {
        "id": "36",
        "name": "Victoria",
        "state_id": "12"
    },
    {
        "id": "37",
        "name": "Sydney",
        "state_id": "13"
    },
    {
        "id": "38",
        "name": "Newcastle",
        "state_id": "13"
    },
    {
        "id": "39",
        "name": "City of Brisbane",
        "state_id": "14"
    },
    {
        "id": "40",
        "name": "Gold Coast",
        "state_id": "14"
    }
]