[
    {
        "id": "5",
        "name": "Uttar Pradesh",
        "country_id": "1"
    },
    {
        "id": "6",
        "name": "UttraKhand",
        "country_id": "1"
    },
    {
        "id": "7",
        "name": "Maharashtra",
        "country_id": "1"
    },
    {
        "id": "8",
        "name": "New York",
        "country_id": "2"
    },
    {
        "id": "9",
        "name": "Alabama",
        "country_id": "2"
    },
    {
        "id": "10",
        "name": "California",
        "country_id": "2"
    },
    {
        "id": "11",
        "name": "Ontario",
        "country_id": "3"
    },
    {
        "id": "12",
        "name": "British Columbia",
        "country_id": "3"
    },
    {
        "id": "13",
        "name": "New South Wales",
        "country_id": "4"
    },
    {
        "id": "14",
        "name": "Queensland",
        "country_id": "4"
    }
]